<Configs>

<remove xpath="/Sounds/SoundDataNode[@name='drone_command']" />	
<remove xpath="/Sounds/SoundDataNode[@name='drone_empty']" />	
<remove xpath="/Sounds/SoundDataNode[@name='drone_enemy_sense']" />	
<remove xpath="/Sounds/SoundDataNode[@name='drone_enemy_engauge']" />	
<remove xpath="/Sounds/SoundDataNode[@name='drone_heal']" />	
<remove xpath="/Sounds/SoundDataNode[@name='drone_other']" />	
<remove xpath="/Sounds/SoundDataNode[@name='drone_shutdown']" />	
<remove xpath="/Sounds/SoundDataNode[@name='drone_take']" />	
<remove xpath="/Sounds/SoundDataNode[@name='drone_takefail']" />	
<remove xpath="/Sounds/SoundDataNode[@name='drone_wakeup']" />	
<remove xpath="/Sounds/SoundDataNode[@name='drone_greeting']" />	

<append xpath="/Sounds">
	<SoundDataNode name="drone_command"> <AudioSource name="Sounds/AudioSource_VO"/>
		<Noise ID="1" noise="7" time="3" muffled_when_crouched="0.5"/>
		
		<AudioClip ClipName="#@modfolder:Resources/SLJSounds.unity3d?drone_command/DontPutMe"/>
		<AudioClip ClipName="#@modfolder:Resources/SLJSounds.unity3d?drone_command/ThatsAllYouHadToSay"/>
		
		<LocalCrouchVolumeScale value="1.0"/> <CrouchNoiseScale value="0.5"/> <NoiseScale value="1"/> <MaxVoices value="10"/> <MaxRepeatRate value="1.111"/> </SoundDataNode>

	<SoundDataNode name="drone_empty"> <AudioSource name="Sounds/AudioSource_VO"/>
		<Noise ID="1" noise="7" time="3" muffled_when_crouched="0.5"/>
		
		
		
		<LocalCrouchVolumeScale value="1.0"/> <CrouchNoiseScale value="0.5"/> <NoiseScale value="1"/> <MaxVoices value="10"/> <MaxRepeatRate value="1.111"/> </SoundDataNode>

	<SoundDataNode name="drone_enemy_sense"> <AudioSource name="Sounds/AudioSource_VO"/>
		<Noise ID="1" noise="7" time="3" muffled_when_crouched="0.5"/>
		
		<AudioClip ClipName="#@modfolder:Resources/SLJSounds.unity3d?drone_enemy_engage/ComeAfterYou"/>
		<AudioClip ClipName="#@modfolder:Resources/SLJSounds.unity3d?drone_enemy_engage/ImOnTheMFer"/>
		<AudioClip ClipName="#@modfolder:Resources/SLJSounds.unity3d?drone_enemy_engage/YourAssAintTalking"/>
		
		<LocalCrouchVolumeScale value="1.0"/> <CrouchNoiseScale value="0.5"/> <NoiseScale value="1"/> <MaxVoices value="10"/> <MaxRepeatRate value="1.111"/> </SoundDataNode>

	  <SoundDataNode name="drone_enemy_engauge">
		<AudioSource name="Sounds/AudioSource_VO"/>
		<Noise ID="1" noise="7" time="3" muffled_when_crouched="0.5"/>
		
		<AudioClip ClipName="#@modfolder:Resources/SLJSounds.unity3d?drone_enemy_engage/ComeAfterYou"/>
		<AudioClip ClipName="#@modfolder:Resources/SLJSounds.unity3d?drone_enemy_engage/ImOnTheMFer"/>
		<AudioClip ClipName="#@modfolder:Resources/SLJSounds.unity3d?drone_enemy_engage/YourAssAintTalking"/>
		
		<LocalCrouchVolumeScale value="1.0"/> <CrouchNoiseScale value="0.5"/> <NoiseScale value="1"/> <MaxVoices value="10"/> <MaxRepeatRate value="1.111"/>
	  </SoundDataNode>

	<SoundDataNode name="drone_heal"> <AudioSource name="Sounds/AudioSource_VO"/>
		<Noise ID="1" noise="7" time="3" muffled_when_crouched="0.5"/>
		
		<AudioClip ClipName="#@modfolder:Resources/SLJSounds.unity3d?drone_heal/FeltTheTouchOfGod"/>
		<AudioClip ClipName="#@modfolder:Resources/SLJSounds.unity3d?drone_heal/GourmetShit"/>
		<AudioClip ClipName="#@modfolder:Resources/SLJSounds.unity3d?drone_heal/HangInThereBaby"/>
		<AudioClip ClipName="#@modfolder:Resources/SLJSounds.unity3d?drone_heal/Miracle"/>
		
		<LocalCrouchVolumeScale value="1.0"/> <CrouchNoiseScale value="0.5"/> <NoiseScale value="1"/> <MaxVoices value="10"/> <MaxRepeatRate value="1.111"/> </SoundDataNode>

	<SoundDataNode name="drone_other"> <AudioSource name="Sounds/AudioSource_VO"/>
		<Noise ID="1" noise="7" time="3" muffled_when_crouched="0.5"/>
		<!--<AudioClip ClipName="Sounds/VO/Drone/drone_other_01"/>-->
		
		<LocalCrouchVolumeScale value="1.0"/> <CrouchNoiseScale value="0.5"/> <NoiseScale value="1"/> <MaxVoices value="10"/> <MaxRepeatRate value="1.111"/> </SoundDataNode>

	<SoundDataNode name="drone_shutdown"> <AudioSource name="Sounds/AudioSource_VO"/>
		<Noise ID="1" noise="7" time="3" muffled_when_crouched="0.5"/>
		
		<AudioClip ClipName="#@modfolder:Resources/SLJSounds.unity3d?drone_shutdown/IWillNeverForgive"/>
		<AudioClip ClipName="#@modfolder:Resources/SLJSounds.unity3d?drone_shutdown/CallAnAmbulance"/>
		<AudioClip ClipName="#@modfolder:Resources/SLJSounds.unity3d?drone_shutdown/StillAlive"/>
		
		<LocalCrouchVolumeScale value="1.0"/> <CrouchNoiseScale value="0.5"/> <NoiseScale value="1"/> <MaxVoices value="10"/> <MaxRepeatRate value="1.111"/> </SoundDataNode>

	<SoundDataNode name="drone_take"> <AudioSource name="Sounds/AudioSource_VO"/>
		<Noise ID="1" noise="7" time="3" muffled_when_crouched="0.5"/>
		
		<AudioClip ClipName="#@modfolder:Resources/SLJSounds.unity3d?drone_take/DontPutMeInThisPosition"/>
		<AudioClip ClipName="#@modfolder:Resources/SLJSounds.unity3d?drone_take/HeyBoner"/>
		
		<LocalCrouchVolumeScale value="1.0"/> <CrouchNoiseScale value="0.5"/> <NoiseScale value="1"/> <MaxVoices value="10"/> <MaxRepeatRate value="1.111"/> </SoundDataNode>

	<SoundDataNode name="drone_takefail"> <AudioSource name="Sounds/AudioSource_VO"/>
		<Noise ID="1" noise="7" time="3" muffled_when_crouched="0.5"/>
		
		<AudioClip ClipName="#@modfolder:Resources/SLJSounds.unity3d?drone_takefail/GrossError"/>
		<AudioClip ClipName="#@modfolder:Resources/SLJSounds.unity3d?drone_takefail/KnockThatShitOff"/>
		<AudioClip ClipName="#@modfolder:Resources/SLJSounds.unity3d?drone_takefail/WhatsTheMatter"/>
		
		<LocalCrouchVolumeScale value="1.0"/> <CrouchNoiseScale value="0.5"/> <NoiseScale value="1"/> <MaxVoices value="10"/> <MaxRepeatRate value="1.111"/> </SoundDataNode>

	<SoundDataNode name="drone_wakeup"> <AudioSource name="Sounds/AudioSource_VO"/>
		<Noise ID="1" noise="7" time="3" muffled_when_crouched="0.5"/>
		
		<AudioClip ClipName="#@modfolder:Resources/SLJSounds.unity3d?drone_wakeup/DoesHeLookLike"/>
		<AudioClip ClipName="#@modfolder:Resources/SLJSounds.unity3d?drone_wakeup/ThisIsMe"/>

		<LocalCrouchVolumeScale value="1.0"/> <CrouchNoiseScale value="0.5"/> <NoiseScale value="1"/> <MaxVoices value="10"/> <MaxRepeatRate value="1.111"/> </SoundDataNode>

	  <SoundDataNode name="drone_greeting"> <AudioSource name="Sounds/AudioSource_VO"/>
		<Noise ID="1" noise="7" time="3" muffled_when_crouched="0.5"/>
		
		<AudioClip ClipName="#@modfolder:Resources/SLJSounds.unity3d?drone_greeting/OutMyFace"/>
		<AudioClip ClipName="#@modfolder:Resources/SLJSounds.unity3d?drone_greeting/EnglishDoYouSpeak"/>
		
		<LocalCrouchVolumeScale value="1.0"/> <CrouchNoiseScale value="0.5"/> <NoiseScale value="1"/> <MaxVoices value="10"/> <MaxRepeatRate value="1.111"/>
	  </SoundDataNode>
  </append>
	
	<!---
		drone_wakeup	  	// Startup
		drone_greeting    	// Interact
		drone_command		// Stay/Follow
		drone_enemy_sense	// Detect Zombie
		drone_enemy_engauge // Fight Zombie
		drone_take			// Pick up Drone
		drone_takefail     	// Drone has inventory error
		drone_heal			// Heal player
		drone_empty			// Out of bandages when told to heal manually
		drone_other			// ?
		drone_shutdown 		// Player death/Drone too damaged
		
	-->
</Configs>	