<Configs>

<remove xpath="/Sounds/SoundDataNode[@name='drone_command']" />	
<remove xpath="/Sounds/SoundDataNode[@name='drone_empty']" />	
<remove xpath="/Sounds/SoundDataNode[@name='drone_enemy_sense']" />	
<remove xpath="/Sounds/SoundDataNode[@name='drone_enemy_engauge']" />	
<remove xpath="/Sounds/SoundDataNode[@name='drone_heal']" />	
<remove xpath="/Sounds/SoundDataNode[@name='drone_other']" />	
<remove xpath="/Sounds/SoundDataNode[@name='drone_shutdown']" />	
<remove xpath="/Sounds/SoundDataNode[@name='drone_take']" />	
<remove xpath="/Sounds/SoundDataNode[@name='drone_takefail']" />	
<remove xpath="/Sounds/SoundDataNode[@name='drone_wakeup']" />	
<remove xpath="/Sounds/SoundDataNode[@name='drone_greeting']" />	

<append xpath="/Sounds">
	<SoundDataNode name="drone_command"> <AudioSource name="Sounds/AudioSource_VO"/>
		<Noise ID="1" noise="7" time="3" muffled_when_crouched="0.5"/>
		<AudioClip ClipName="#@modfolder:Resources/DaphyDroneSounds.unity3d?DaphyDrone_OK"/>
		<AudioClip ClipName="#@modfolder:Resources/DaphyDroneSounds.unity3d?DaphyDrone_StressingMeOut"/>
		<AudioClip ClipName="#@modfolder:Resources/DaphyDroneSounds.unity3d?DaphyDrone_ThatWouldBeATreat"/>
		<LocalCrouchVolumeScale value="1.0"/> <CrouchNoiseScale value="0.5"/> <NoiseScale value="1"/> <MaxVoices value="10"/> <MaxRepeatRate value="1.111"/> </SoundDataNode>

	<SoundDataNode name="drone_empty"> <AudioSource name="Sounds/AudioSource_VO"/>
		<Noise ID="1" noise="7" time="3" muffled_when_crouched="0.5"/>
		<AudioClip ClipName="#@modfolder:Resources/DaphyDroneSounds.unity3d?DaphyDrone_NotTodaySir"/>
		<AudioClip ClipName="#@modfolder:Resources/DaphyDroneSounds.unity3d?DaphyDrone_WhatAScandal"/>
		<LocalCrouchVolumeScale value="1.0"/> <CrouchNoiseScale value="0.5"/> <NoiseScale value="1"/> <MaxVoices value="10"/> <MaxRepeatRate value="1.111"/> </SoundDataNode>

	<SoundDataNode name="drone_enemy_sense"> <AudioSource name="Sounds/AudioSource_VO"/>
		<Noise ID="1" noise="7" time="3" muffled_when_crouched="0.5"/>
		<AudioClip ClipName="#@modfolder:Resources/DaphyDroneSounds.unity3d?DaphyDrone_WhoaWeGotFriends"/>
		<AudioClip ClipName="#@modfolder:Resources/DaphyDroneSounds.unity3d?DaphyDrone_IsThereAZombie"/>
		<AudioClip ClipName="#@modfolder:Resources/DaphyDroneSounds.unity3d?DaphyDrone_IShouldLearnToBeQuiet"/>
		<AudioClip ClipName="#@modfolder:Resources/DaphyDroneSounds.unity3d?DaphyDrone_WhatIsThatNoise"/>
		<LocalCrouchVolumeScale value="1.0"/> <CrouchNoiseScale value="0.5"/> <NoiseScale value="1"/> <MaxVoices value="10"/> <MaxRepeatRate value="1.111"/> </SoundDataNode>

	  <SoundDataNode name="drone_enemy_engauge">
		<AudioSource name="Sounds/AudioSource_VO"/>
		<NoEEEEEEise ID="1" noise="7" time="3" muffled_when_crouched="0.5"/>
		<AudioClip ClipName="#@modfolder:Resources/DaphyDroneSounds.unity3d?DaphyDrone_AhHesComing"/>
		<AudioClip ClipName="#@modfolder:Resources/DaphyDroneSounds.unity3d?DaphyDrone_Nonononono"/>
		<AudioClip ClipName="#@modfolder:Resources/DaphyDroneSounds.unity3d?DaphyDrone_DoYouThinkWeCanConvinceBanana"/>
		<AudioClip ClipName="#@modfolder:Resources/DaphyDroneSounds.unity3d?DaphyDrone_OHGOD"/>
		<AudioClip ClipName="#@modfolder:Resources/DaphyDroneSounds.unity3d?DaphyDrone_NoBullets"/>
		<AudioClip ClipName="#@modfolder:Resources/DaphyDroneSounds.unity3d?DaphyDrone_GetTheZombies"/>
		<LocalCrouchVolumeScale value="1.0"/> <CrouchNoiseScale value="0.5"/> <NoiseScale value="1"/> <MaxVoices value="10"/> <MaxRepeatRate value="1.111"/>
	  </SoundDataNode>

	<SoundDataNode name="drone_heal"> <AudioSource name="Sounds/AudioSource_VO"/>
		<Noise ID="1" noise="7" time="3" muffled_when_crouched="0.5"/>
		<AudioClip ClipName="#@modfolder:Resources/DaphyDroneSounds.unity3d?DaphyDrone_AreYouDead"/>
		<AudioClip ClipName="#@modfolder:Resources/DaphyDroneSounds.unity3d?DaphyDrone_HehehOhFuck"/>
		<AudioClip ClipName="#@modfolder:Resources/DaphyDroneSounds.unity3d?DaphyDrone_NowICanRepairIt"/>
		<AudioClip ClipName="#@modfolder:Resources/DaphyDroneSounds.unity3d?DaphyDrone_Juicy"/>
		<AudioClip ClipName="#@modfolder:Resources/DaphyDroneSounds.unity3d?DaphyDrone_BlowMyLoad"/>
		<LocalCrouchVolumeScale value="1.0"/> <CrouchNoiseScale value="0.5"/> <NoiseScale value="1"/> <MaxVoices value="10"/> <MaxRepeatRate value="1.111"/> </SoundDataNode>

	<SoundDataNode name="drone_other"> <AudioSource name="Sounds/AudioSource_VO"/>
		<Noise ID="1" noise="7" time="3" muffled_when_crouched="0.5"/>
		<AudioClip ClipName="Sounds/VO/Drone/drone_other_01"/>
		<LocalCrouchVolumeScale value="1.0"/> <CrouchNoiseScale value="0.5"/> <NoiseScale value="1"/> <MaxVoices value="10"/> <MaxRepeatRate value="1.111"/> </SoundDataNode>

	<SoundDataNode name="drone_shutdown"> <AudioSource name="Sounds/AudioSource_VO"/>
		<Noise ID="1" noise="7" time="3" muffled_when_crouched="0.5"/>
		<AudioClip ClipName="#@modfolder:Resources/DaphyDroneSounds.unity3d?DaphyDrone_Nonononono"/>
		<AudioClip ClipName="#@modfolder:Resources/DaphyDroneSounds.unity3d?DaphyDrone_OneOfThoseDays"/>
		<AudioClip ClipName="#@modfolder:Resources/DaphyDroneSounds.unity3d?DaphyDrone_OHGOD"/>
		<AudioClip ClipName="#@modfolder:Resources/DaphyDroneSounds.unity3d?DaphyDrone_ThatOneHurt"/>
		<LocalCrouchVolumeScale value="1.0"/> <CrouchNoiseScale value="0.5"/> <NoiseScale value="1"/> <MaxVoices value="10"/> <MaxRepeatRate value="1.111"/> </SoundDataNode>

	<SoundDataNode name="drone_take"> <AudioSource name="Sounds/AudioSource_VO"/>
		<Noise ID="1" noise="7" time="3" muffled_when_crouched="0.5"/>
		<AudioClip ClipName="#@modfolder:Resources/DaphyDroneSounds.unity3d?DaphyDrone_IGotNoBusinessWithYou"/>
		<AudioClip ClipName="#@modfolder:Resources/DaphyDroneSounds.unity3d?DaphyDrone_HehehOhFuck"/>
		<AudioClip ClipName="#@modfolder:Resources/DaphyDroneSounds.unity3d?DaphyDrone_StressingMeOut"/>
		<LocalCrouchVolumeScale value="1.0"/> <CrouchNoiseScale value="0.5"/> <NoiseScale value="1"/> <MaxVoices value="10"/> <MaxRepeatRate value="1.111"/> </SoundDataNode>

	<SoundDataNode name="drone_takefail"> <AudioSource name="Sounds/AudioSource_VO"/>
		<Noise ID="1" noise="7" time="3" muffled_when_crouched="0.5"/>
		<AudioClip ClipName="#@modfolder:Resources/DaphyDroneSounds.unity3d?DaphyDrone_NotTodaySir"/>
		<AudioClip ClipName="#@modfolder:Resources/DaphyDroneSounds.unity3d?DaphyDrone_WhatAScandal"/>
		<AudioClip ClipName="#@modfolder:Resources/DaphyDroneSounds.unity3d?DaphyDrone_Anticlimatic"/>
		<LocalCrouchVolumeScale value="1.0"/> <CrouchNoiseScale value="0.5"/> <NoiseScale value="1"/> <MaxVoices value="10"/> <MaxRepeatRate value="1.111"/> </SoundDataNode>

	<SoundDataNode name="drone_wakeup"> <AudioSource name="Sounds/AudioSource_VO"/>
		<Noise ID="1" noise="7" time="3" muffled_when_crouched="0.5"/>
		<AudioClip ClipName="#@modfolder:Resources/DaphyDroneSounds.unity3d?DaphyDrone_OfCourseHereYouAre"/>
		<AudioClip ClipName="#@modfolder:Resources/DaphyDroneSounds.unity3d?DaphyDrone_BAMJustLikeThat"/>
		<AudioClip ClipName="#@modfolder:Resources/DaphyDroneSounds.unity3d?DaphyDrone_ScaredTheCrapOutOfMe"/>
		<LocalCrouchVolumeScale value="1.0"/> <CrouchNoiseScale value="0.5"/> <NoiseScale value="1"/> <MaxVoices value="10"/> <MaxRepeatRate value="1.111"/> </SoundDataNode>

	  <SoundDataNode name="drone_greeting">
		<AudioSource name="Sounds/AudioSource_VO"/>
		<Noise ID="1" noise="7" time="3" muffled_when_crouched="0.5"/>
		<AudioClip ClipName="#@modfolder:Resources/DaphyDroneSounds.unity3d?DaphyDrone_ShoveDownThroat"/>
		<AudioClip ClipName="#@modfolder:Resources/DaphyDroneSounds.unity3d?DaphyDrone_ImGonnaGetBabeToUpdate"/>
		<AudioClip ClipName="#@modfolder:Resources/DaphyDroneSounds.unity3d?DaphyDrone_OhThatsInteresting"/>
		<AudioClip ClipName="#@modfolder:Resources/DaphyDroneSounds.unity3d?DaphyDrone_StressingMeOut"/>
		<AudioClip ClipName="#@modfolder:Resources/DaphyDroneSounds.unity3d?DaphyDrone_DoyouHaveAJob"/>
		<LocalCrouchVolumeScale value="1.0"/>
		<CrouchNoiseScale value="0.5"/>
		<NoiseScale value="1"/>
		<MaxVoices value="10"/>
		<MaxRepeatRate value="1.111"/>
	  </SoundDataNode>
  </append>
	
	<!---
		drone_wakeup	  	// Startup
		drone_greeting    	// Interact
		drone_command		// Stay/Follow
		drone_enemy_sense	// Detect Zombie
		drone_enemy_engauge // Fight Zombie
		drone_take			// Pick up Drone
		drone_takefail     	// Drone has inventory error
		drone_heal			// Heal player
		drone_empty			// Out of bandages when told to heal manually
		drone_other			// ?
		drone_shutdown 		// Player death/Drone too damaged
		
		
		
		
		
		
		DaphyDrone_Juicy
		DaphyDrone_AhHesComing
		DaphyDrone_Anticlimatic
		DaphyDrone_AreYouDead
		DaphyDrone_BAMJustLikeThat
		DaphyDrone_Delicious
		DaphyDrone_DoYouThinkWeCanConvinceBanana
		DaphyDrone_HehehOhFuck
		DaphyDrone_IGotNoBusinessWithYou
		DaphyDrone_ImGonnaGetBabeToUpdate
		DaphyDrone_IReallyWouldntPutThatPastMet
		DaphyDrone_IsThereAZombie
		DaphyDrone_Nonononono
		DaphyDrone_NotTodaySir
		DaphyDrone_NowICanRepairIt
		DaphyDrone_OfCourseHereYouAre
		DaphyDrone_OhThatsInteresting
		DaphyDrone_OK
		DaphyDrone_OneOfThoseDays
		DaphyDrone_ScaredTheCrapOutOfMe
		DaphyDrone_ShoveDownThroat
		DaphyDrone_StressingMeOut
		DaphyDrone_ThatWouldBeATreat
		DaphyDrone_VerySlobbery
		DaphyDrone_WhatAScandal
		DaphyDrone_WhatIsThis
		DaphyDrone_WhoaWeGotFriends
		
		DaphyDrone_BlowMyLoad
		DaphyDrone_DoyouHaveAJob
		DaphyDrone_GetTheZombies
		DaphyDrone_IShouldLearnToBeQuiet
		DaphyDrone_NoBullets
		DaphyDrone_OHGOD
		DaphyDrone_ThatOneHurt
		DaphyDrone_WhatIsThatNoise
	-->

</Configs>	